<?xml version="1.0" encoding="UTF-8" standalone="no"?>
<Canvas xmlns="http://www.jgrasp.org">
  <Language>Java</Language>
  <Grid>
    <Snap>true</Snap>
    <Show>false</Show>
  </Grid>
  <Scope id="0">
    <Name>main</Name>
    <Signature>([Ljava/lang/String;)V</Signature>
    <DeclaringType>RollingDice</DeclaringType>
    <Depth>0</Depth>
  </Scope>
  <Frame>
    <Bounds>
      <AutoSize>true</AutoSize>
      <X>130</X>
      <Y>90</Y>
      <W>115</W>
      <H>28</H>
    </Bounds>
    <Viewer>
      <ScopeID>0</ScopeID>
      <Expression>die1</Expression>
      <ViewerClass>_X_ElementView</ViewerClass>
    </Viewer>
  </Frame>
  <Frame>
    <Bounds>
      <AutoSize>true</AutoSize>
      <X>140</X>
      <Y>270</Y>
      <W>47</W>
      <H>33</H>
    </Bounds>
    <Viewer>
      <ScopeID>0</ScopeID>
      <Expression>die1</Expression>
      <ViewerClass>_X_PresentationToStringView</ViewerClass>
    </Viewer>
  </Frame>
  <Frame>
    <Bounds>
      <AutoSize>true</AutoSize>
      <X>130</X>
      <Y>170</Y>
      <W>115</W>
      <H>28</H>
    </Bounds>
    <Viewer>
      <ScopeID>0</ScopeID>
      <Expression>die2</Expression>
      <ViewerClass>_X_ElementView</ViewerClass>
    </Viewer>
  </Frame>
  <Frame>
    <Bounds>
      <AutoSize>true</AutoSize>
      <X>140</X>
      <Y>320</Y>
      <W>47</W>
      <H>33</H>
    </Bounds>
    <Viewer>
      <ScopeID>0</ScopeID>
      <Expression>die2</Expression>
      <ViewerClass>_X_PresentationToStringView</ViewerClass>
    </Viewer>
  </Frame>
  <Size>
    <W>844</W>
    <H>790</H>
  </Size>
</Canvas>
