<?xml version="1.0" encoding="UTF-8" standalone="no"?>
<Canvas xmlns="http://www.jgrasp.org">
  <Language>Java</Language>
  <Grid>
    <Snap>true</Snap>
    <Show>false</Show>
  </Grid>
  <Scope id="0">
    <Name>main</Name>
    <Signature>([Ljava/lang/String;)V</Signature>
    <DeclaringType>InitializerListExample</DeclaringType>
    <Depth>0</Depth>
  </Scope>
  <Frame>
    <Bounds>
      <AutoSize>true</AutoSize>
      <X>80</X>
      <Y>50</Y>
      <W>527</W>
      <H>175</H>
    </Bounds>
    <LabelLoc>
      <X>-1</X>
      <Y>101</Y>
      <H>LEFT</H>
      <V>CENTER</V>
    </LabelLoc>
    <Viewer>
      <ScopeID>0</ScopeID>
      <Expression>list</Expression>
      <ViewerClass>_X_A_PresentationView</ViewerClass>
      <ViewerData>
        <Width>57</Width>
      </ViewerData>
    </Viewer>
  </Frame>
  <Size>
    <W>704</W>
    <H>450</H>
  </Size>
</Canvas>
