<?xml version="1.0" encoding="UTF-8" standalone="no"?>
<Canvas xmlns="http://www.jgrasp.org">
  <Language>Java</Language>
  <ShowTypes>true</ShowTypes>
  <Grid>
    <Snap>true</Snap>
    <Show>false</Show>
  </Grid>
  <Scope id="0">
    <Name>main</Name>
    <Signature>([Ljava/lang/String;)V</Signature>
    <DeclaringType>PolygonCheck</DeclaringType>
    <Depth>0</Depth>
  </Scope>
  <Frame>
    <Bounds>
      <AutoSize>true</AutoSize>
      <X>280</X>
      <Y>70</Y>
      <W>322</W>
      <H>56</H>
    </Bounds>
    <Viewer>
      <ScopeID>0</ScopeID>
      <Expression>shape</Expression>
      <ViewerClass>_X_ElementView</ViewerClass>
    </Viewer>
  </Frame>
  <Frame>
    <Bounds>
      <AutoSize>false</AutoSize>
      <X>120</X>
      <Y>324</Y>
      <W>423</W>
      <H>113</H>
    </Bounds>
    <LabelLoc>
      <X>-1</X>
      <Y>36</Y>
      <H>LEFT</H>
      <V>CENTER</V>
    </LabelLoc>
    <Viewer>
      <ScopeID>0</ScopeID>
      <Expression>sides2</Expression>
      <ViewerClass>_X_A_PresentationView</ViewerClass>
      <ViewerData>
        <Width>57</Width>
      </ViewerData>
    </Viewer>
  </Frame>
  <Frame>
    <Bounds>
      <AutoSize>true</AutoSize>
      <X>120</X>
      <Y>454</Y>
      <W>328</W>
      <H>111</H>
    </Bounds>
    <LabelLoc>
      <X>-1</X>
      <Y>36</Y>
      <H>LEFT</H>
      <V>CENTER</V>
    </LabelLoc>
    <Viewer>
      <ScopeID>0</ScopeID>
      <Expression>sides3</Expression>
      <ViewerClass>_X_A_PresentationView</ViewerClass>
      <ViewerData>
        <Width>57</Width>
      </ViewerData>
    </Viewer>
  </Frame>
  <Frame>
    <Bounds>
      <AutoSize>true</AutoSize>
      <X>30</X>
      <Y>40</Y>
      <W>244</W>
      <H>123</H>
    </Bounds>
    <Viewer>
      <ScopeID>0</ScopeID>
      <Expression>sides1</Expression>
      <ViewerClass>java__lang__Object_LinkedView</ViewerClass>
    </Viewer>
  </Frame>
  <Frame>
    <Bounds>
      <AutoSize>true</AutoSize>
      <X>130</X>
      <Y>574</Y>
      <W>74</W>
      <H>57</H>
    </Bounds>
    <LabelLoc>
      <X>-1</X>
      <Y>18</Y>
      <H>LEFT</H>
      <V>CENTER</V>
      <WO>false</WO>
    </LabelLoc>
    <Viewer>
      <ScopeID>0</ScopeID>
      <Expression>s</Expression>
      <ViewerClass>_X_PresentationToStringView</ViewerClass>
    </Viewer>
  </Frame>
  <Size>
    <W>640</W>
    <H>322</H>
  </Size>
  <ESize>
    <W>640</W>
    <H>322</H>
  </ESize>
</Canvas>
