<?xml version="1.0" encoding="UTF-8" standalone="no"?>
<Canvas xmlns="http://www.jgrasp.org">
  <Language>Java</Language>
  <Grid>
    <Snap>true</Snap>
    <Show>false</Show>
  </Grid>
  <Scope id="0">
    <Name>main</Name>
    <Signature>([Ljava/lang/String;)V</Signature>
    <DeclaringType>ReverseWords2</DeclaringType>
    <Depth>0</Depth>
  </Scope>
  <Frame>
    <Bounds>
      <AutoSize>true</AutoSize>
      <X>50</X>
      <Y>180</Y>
      <W>64</W>
      <H>51</H>
    </Bounds>
    <LabelLoc>
      <X>-1</X>
      <Y>16</Y>
      <H>LEFT</H>
      <V>CENTER</V>
      <WO>false</WO>
    </LabelLoc>
    <Viewer>
      <ScopeID>0</ScopeID>
      <Expression>`local int` wc</Expression>
      <ViewerClass>_X_PresentationToStringView</ViewerClass>
    </Viewer>
  </Frame>
  <Frame>
    <Bounds>
      <AutoSize>true</AutoSize>
      <X>130</X>
      <Y>400</Y>
      <W>634</W>
      <H>151</H>
    </Bounds>
    <LabelLoc>
      <X>0</X>
      <Y>85</Y>
      <H>LEFT</H>
      <V>CENTER</V>
    </LabelLoc>
    <Viewer>
      <ScopeID>0</ScopeID>
      <Expression>`local java.lang.String[]` wordsReverse</Expression>
      <ViewerClass>java__lang__Object_LinkedView</ViewerClass>
      <ViewerData>
        <ViewData>
          <Width>50</Width>
        </ViewData>
      </ViewerData>
    </Viewer>
  </Frame>
  <Frame>
    <Bounds>
      <AutoSize>true</AutoSize>
      <X>130</X>
      <Y>220</Y>
      <W>634</W>
      <H>151</H>
    </Bounds>
    <LabelLoc>
      <X>0</X>
      <Y>85</Y>
      <H>LEFT</H>
      <V>CENTER</V>
    </LabelLoc>
    <Viewer>
      <ScopeID>0</ScopeID>
      <Expression>`local java.lang.String[]` words</Expression>
      <ViewerClass>java__lang__Object_LinkedView</ViewerClass>
      <ViewerData>
        <ViewData>
          <Width>50</Width>
        </ViewData>
      </ViewerData>
    </Viewer>
  </Frame>
  <Frame>
    <Bounds>
      <AutoSize>true</AutoSize>
      <X>130</X>
      <Y>60</Y>
      <W>479</W>
      <H>118</H>
    </Bounds>
    <LabelLoc>
      <X>-1</X>
      <Y>26</Y>
      <H>LEFT</H>
      <V>CENTER</V>
    </LabelLoc>
    <Viewer>
      <ScopeID>0</ScopeID>
      <Expression>`local java.util.Scanner` scan</Expression>
      <ViewerClass>java__util__Scanner_PresentationView</ViewerClass>
    </Viewer>
  </Frame>
  <Size>
    <W>729</W>
    <H>787</H>
  </Size>
</Canvas>
