<?xml version="1.0" encoding="UTF-8" standalone="no"?>
<Canvas xmlns="http://www.jgrasp.org">
  <Language>Java</Language>
  <Grid>
    <Snap>true</Snap>
    <Show>false</Show>
  </Grid>
  <Scope id="0">
    <Name>main</Name>
    <Signature>([Ljava/lang/String;)V</Signature>
    <DeclaringType>TwoDArrayRagged</DeclaringType>
    <Depth>0</Depth>
  </Scope>
  <Frame>
    <Bounds>
      <AutoSize>true</AutoSize>
      <X>90</X>
      <Y>380</Y>
      <W>174</W>
      <H>111</H>
    </Bounds>
    <Viewer>
      <ScopeID>0</ScopeID>
      <Expression>table</Expression>
      <ViewerClass>_X_ElementView</ViewerClass>
    </Viewer>
  </Frame>
  <Frame>
    <Bounds>
      <AutoSize>true</AutoSize>
      <X>90</X>
      <Y>250</Y>
      <W>50</W>
      <H>36</H>
    </Bounds>
    <LabelLoc>
      <X>-1</X>
      <Y>16</Y>
      <H>LEFT</H>
      <V>CENTER</V>
      <WO>false</WO>
    </LabelLoc>
    <Viewer>
      <ScopeID>0</ScopeID>
      <Expression>row</Expression>
      <ViewerClass>_X_PresentationToStringView</ViewerClass>
    </Viewer>
  </Frame>
  <Frame>
    <Bounds>
      <AutoSize>true</AutoSize>
      <X>180</X>
      <Y>250</Y>
      <W>50</W>
      <H>36</H>
    </Bounds>
    <LabelLoc>
      <X>-1</X>
      <Y>16</Y>
      <H>LEFT</H>
      <V>CENTER</V>
      <WO>false</WO>
    </LabelLoc>
    <Viewer>
      <ScopeID>0</ScopeID>
      <Expression>col</Expression>
      <ViewerClass>_X_PresentationToStringView</ViewerClass>
    </Viewer>
  </Frame>
  <Frame>
    <Bounds>
      <AutoSize>false</AutoSize>
      <X>80</X>
      <Y>50</Y>
      <W>513</W>
      <H>173</H>
    </Bounds>
    <Viewer>
      <ScopeID>0</ScopeID>
      <Expression>table</Expression>
      <ViewerClass>_X_A_A_ToStringView</ViewerClass>
    </Viewer>
  </Frame>
  <Size>
    <W>800</W>
    <H>647</H>
  </Size>
</Canvas>
