<?xml version="1.0" encoding="UTF-8" standalone="no"?>
<Canvas xmlns="http://www.jgrasp.org">
  <Language>Java</Language>
  <ShowTypes>false</ShowTypes>
  <Grid>
    <Snap>true</Snap>
    <Show>false</Show>
  </Grid>
  <Scope id="0">
    <Name>main</Name>
    <Signature>([Ljava/lang/String;)V</Signature>
    <DeclaringType>TwoDArraySums</DeclaringType>
    <Depth>0</Depth>
  </Scope>
  <Frame>
    <Bounds>
      <AutoSize>true</AutoSize>
      <X>40</X>
      <Y>270</Y>
      <W>155</W>
      <H>116</H>
    </Bounds>
    <Viewer>
      <ScopeID>0</ScopeID>
      <Expression>table</Expression>
      <ViewerClass>_X_ElementView</ViewerClass>
    </Viewer>
  </Frame>
  <Frame>
    <Bounds>
      <AutoSize>true</AutoSize>
      <X>45</X>
      <Y>84</Y>
      <W>324</W>
      <H>141</H>
    </Bounds>
    <Viewer>
      <ScopeID>0</ScopeID>
      <Expression>table</Expression>
      <ViewerClass>_X_A_A_ToStringView</ViewerClass>
    </Viewer>
  </Frame>
  <Frame>
    <Bounds>
      <AutoSize>true</AutoSize>
      <X>220</X>
      <Y>270</Y>
      <W>98</W>
      <H>116</H>
    </Bounds>
    <Viewer>
      <ScopeID>0</ScopeID>
      <Expression>table[2]</Expression>
      <ViewerClass>_X_ElementView</ViewerClass>
    </Viewer>
  </Frame>
  <Frame>
    <Bounds>
      <AutoSize>true</AutoSize>
      <X>350</X>
      <Y>300</Y>
      <W>94</W>
      <H>47</H>
    </Bounds>
    <LabelLoc>
      <WO>false</WO>
    </LabelLoc>
    <Viewer>
      <ScopeID>0</ScopeID>
      <Expression>table[2][3]</Expression>
      <ViewerClass>_X_ElementView</ViewerClass>
    </Viewer>
  </Frame>
  <Size>
    <W>492</W>
    <H>560</H>
  </Size>
  <ESize>
    <W>492</W>
    <H>560</H>
  </ESize>
</Canvas>
