<?xml version="1.0" encoding="UTF-8" standalone="no"?>
<Canvas xmlns="http://www.jgrasp.org">
  <Language>Java</Language>
  <ShowTypes>false</ShowTypes>
  <Grid>
    <Snap>true</Snap>
    <Show>false</Show>
  </Grid>
  <Scope id="0">
    <Name>main</Name>
    <Signature>([Ljava/lang/String;)V</Signature>
    <DeclaringType>ProductArray</DeclaringType>
    <Depth>0</Depth>
  </Scope>
  <Frame>
    <Bounds>
      <AutoSize>true</AutoSize>
      <X>30</X>
      <Y>60</Y>
      <W>250</W>
      <H>182</H>
    </Bounds>
    <Viewer>
      <ScopeID>0</ScopeID>
      <Expression>`local Product[]` pArr</Expression>
      <ViewerClass>_X_ElementView</ViewerClass>
    </Viewer>
    <ScopeTest>None</ScopeTest>
  </Frame>
  <Size>
    <W>621</W>
    <H>468</H>
  </Size>
  <ESize>
    <W>621</W>
    <H>468</H>
  </ESize>
</Canvas>
