<?xml version="1.0" encoding="UTF-8" standalone="no"?>
<Canvas xmlns="http://www.jgrasp.org">
  <Language>Java</Language>
  <Size>
    <W>975</W>
    <H>580</H>
  </Size>
  <Grid>
    <Snap>true</Snap>
    <Show>false</Show>
  </Grid>
  <Scope id="0">
    <Name>main</Name>
    <Signature>([Ljava/lang/String;)V</Signature>
    <DeclaringType>AVLClient</DeclaringType>
    <Depth>0</Depth>
  </Scope>
  <Frame>
    <Bounds>
      <AutoSize>false</AutoSize>
      <X>100</X>
      <Y>170</Y>
      <W>740</W>
      <H>450</H>
    </Bounds>
    <Viewer>
      <ScopeID>0</ScopeID>
      <Expression>t</Expression>
      <ViewerClass>java__lang__Object_LinkedView</ViewerClass>
    </Viewer>
  </Frame>
  <Frame>
    <Bounds>
      <AutoSize>false</AutoSize>
      <X>100</X>
      <Y>30</Y>
      <W>690</W>
      <H>90</H>
    </Bounds>
    <Viewer>
      <ScopeID>0</ScopeID>
      <Expression>a</Expression>
      <ViewerClass>_X_A_PresentationView</ViewerClass>
    </Viewer>
  </Frame>
</Canvas>
