<?xml version="1.0" encoding="UTF-8" standalone="no"?>
<Canvas xmlns="http://www.jgrasp.org">
  <Language>Java</Language>
  <Size>
    <W>715</W>
    <H>607</H>
  </Size>
  <Grid>
    <Snap>true</Snap>
    <Show>false</Show>
  </Grid>
  <Scope id="0">
    <Name>addExample1</Name>
    <Signature>()V</Signature>
    <DeclaringType>LectureNotesExamples</DeclaringType>
    <Depth>1</Depth>
  </Scope>
  <Frame>
    <Bounds>
      <AutoSize>true</AutoSize>
      <X>100</X>
      <Y>80</Y>
      <W>336</W>
      <H>56</H>
    </Bounds>
    <Viewer>
      <ScopeID>0</ScopeID>
      <Expression>a</Expression>
      <ViewerClass>_X_A_PresentationView</ViewerClass>
    </Viewer>
  </Frame>
  <Frame>
    <Bounds>
      <AutoSize>true</AutoSize>
      <X>100</X>
      <Y>220</Y>
      <W>329</W>
      <H>244</H>
    </Bounds>
    <Viewer>
      <ScopeID>0</ScopeID>
      <Expression>t</Expression>
      <ViewerClass>java__lang__Object_LinkedView</ViewerClass>
    </Viewer>
  </Frame>
</Canvas>
