AU Cellular Service
FlipPhone,111-243-5948,100,50
BrickPhone,111-534-5948,100,50
FlipPhone,111-243-6924,30,77.0
Android,111-934-9939,500,400,1000,30
Iphone,111-123-4567,20,548,220,55
SmartPhone(Windows),111-131-3131,40,21,10
FlipPhone,111-342-7544,34,955
FlipPhone,111-243-6924,thirty,77
SmartPhone(Windows),111-869-5559,34,114,.**^&
Android,111-443-4434,50,430,2479,xyz
Iphone,111-111-1111,1,1,1,one
FlipPhone
FlipPhone,111-244-2192
FlipPhone,111-244-2193,29
SmartPhone
SmartPhone(Windows),111-135-2468
SmartPhone(Windows),111-135-2467,39
SmartPhone(Windows),111-135-2466,48,34
Iphone
Iphone,111-293-2303
Iphone,111-293-2304,6
Iphone,111-293-2305,6,7
Iphone,111-293-2306,7,8,9
Android
Android,111-955-1111
Android,111-955-1111,60
Android,111-955-1111,77,30
Android,111-955-1111,30,40,50
Android,111-566-4533,-1,23,50,100
FlipPhone,111-243-6924,30,-40
FlipPhone,111-243-6925,-30,40
SmartPhone(Windows),111-131-3333,-40,11,35
Android,111-324-4342,101,678,145,-30
Iphone,111-123-5435,5,5,5,-55