<?xml version="1.0" encoding="UTF-8" standalone="no"?>
<Canvas xmlns="http://www.jgrasp.org">
  <Language>Java</Language>
  <Grid>
    <Snap>true</Snap>
    <Show>false</Show>
  </Grid>
  <Scope id="0">
    <Name>main</Name>
    <Signature>([Ljava/lang/String;)V</Signature>
    <DeclaringType>Magazine2Example</DeclaringType>
    <Depth>0</Depth>
  </Scope>
  <Frame>
    <Bounds>
      <AutoSize>true</AutoSize>
      <X>400</X>
      <Y>80</Y>
      <W>325</W>
      <H>97</H>
    </Bounds>
    <Viewer>
      <ScopeID>0</ScopeID>
      <Expression>magObj1.publisher</Expression>
      <ViewerClass>_X_ElementView</ViewerClass>
    </Viewer>
  </Frame>
  <Frame>
    <Bounds>
      <AutoSize>true</AutoSize>
      <X>40</X>
      <Y>61</Y>
      <W>357</W>
      <H>134</H>
    </Bounds>
    <Viewer>
      <ScopeID>0</ScopeID>
      <Expression>magObj1</Expression>
      <ViewerClass>_X_ElementView</ViewerClass>
    </Viewer>
  </Frame>
  <Frame>
    <Bounds>
      <AutoSize>true</AutoSize>
      <X>40</X>
      <Y>260</Y>
      <W>357</W>
      <H>134</H>
    </Bounds>
    <Viewer>
      <ScopeID>0</ScopeID>
      <Expression>magObj2</Expression>
      <ViewerClass>_X_ElementView</ViewerClass>
    </Viewer>
  </Frame>
  <Frame>
    <Bounds>
      <AutoSize>true</AutoSize>
      <X>270</X>
      <Y>440</Y>
      <W>258</W>
      <H>138</H>
    </Bounds>
    <Viewer>
      <ScopeID>0</ScopeID>
      <Expression>magObj2</Expression>
      <ViewerClass>java__lang__Object_FormattedToStringView</ViewerClass>
    </Viewer>
  </Frame>
  <Frame>
    <Bounds>
      <AutoSize>true</AutoSize>
      <X>70</X>
      <Y>500</Y>
      <W>94</W>
      <H>60</H>
    </Bounds>
    <LabelLoc>
      <WO>false</WO>
    </LabelLoc>
    <Viewer>
      <ScopeID>0</ScopeID>
      <Expression>Magazine2.count</Expression>
      <ViewerClass>_X_ElementView</ViewerClass>
    </Viewer>
  </Frame>
  <Size>
    <W>667</W>
    <H>769</H>
  </Size>
</Canvas>
